Source,Target,Source_Age,Source_Gender,Target_Age,Target_Gender
Person_34,Person_18,57,Male,28,Female
Person_32,Person_2,24,Female,53,Female
Person_23,Person_7,39,Female,36,Male
Person_42,Person_37,30,Male,33,Female
Person_8,Person_35,24,Male,40,Female
Person_27,Person_38,33,Male,46,Male
Person_20,Person_10,56,Male,39,Male
Person_24,Person_10,43,Female,39,Male
Person_44,Person_11,40,Male,52,Male
Person_9,Person_3,23,Female,31,Female
Person_9,Person_3,23,Female,31,Female
Person_4,Person_36,37,Female,26,Male
Person_43,Person_40,36,Male,48,Male
Person_24,Person_4,43,Female,37,Female
Person_1,Person_39,52,Female,53,Male
Person_15,Person_9,42,Female,23,Female
Person_43,Person_17,36,Male,29,Male
Person_19,Person_2,54,Female,53,Female
Person_21,Person_12,41,Female,32,Female
Person_42,Person_25,30,Male,42,Male
Person_37,Person_40,33,Female,48,Male
Person_24,Person_4,43,Female,37,Female
Person_15,Person_9,42,Female,23,Female
Person_9,Person_46,23,Female,54,Female
Person_43,Person_40,36,Male,48,Male
Person_22,Person_48,40,Male,24,Male
Person_44,Person_11,40,Male,52,Male
Person_4,Person_28,37,Female,52,Female
Person_44,Person_33,40,Male,27,Male
Person_47,Person_16,58,Female,21,Female
Person_40,Person_33,48,Male,27,Male
Person_36,Person_7,26,Male,36,Male
Person_33,Person_19,27,Male,54,Female
Person_19,Person_2,54,Female,53,Female
Person_36,Person_7,26,Male,36,Male
Person_6,Person_33,52,Male,27,Male
Person_14,Person_16,38,Male,21,Female
Person_47,Person_34,58,Female,57,Male
Person_11,Person_42,52,Male,30,Male
Person_6,Person_33,52,Male,27,Male
Person_3,Person_6,31,Female,52,Male
Person_49,Person_18,58,Female,28,Female
Person_11,Person_42,52,Male,30,Male
Person_9,Person_28,23,Female,52,Female
Person_34,Person_18,57,Male,28,Female
Person_44,Person_33,40,Male,27,Male
Person_37,Person_40,33,Female,48,Male
Person_41,Person_43,34,Female,36,Male
Person_10,Person_37,39,Male,33,Female
Person_33,Person_11,27,Male,52,Male
Person_16,Person_34,21,Female,57,Male
Person_17,Person_38,29,Male,46,Male
Person_17,Person_38,29,Male,46,Male
Person_14,Person_16,38,Male,21,Female
Person_9,Person_3,23,Female,31,Female
Person_32,Person_1,24,Female,52,Female
Person_15,Person_9,42,Female,23,Female
Person_17,Person_21,29,Male,41,Female
Person_44,Person_47,40,Male,58,Female
Person_2,Person_21,53,Female,41,Female
Person_44,Person_47,40,Male,58,Female
Person_27,Person_38,33,Male,46,Male
Person_44,Person_47,40,Male,58,Female
Person_23,Person_25,39,Female,42,Male
Person_17,Person_38,29,Male,46,Male
Person_28,Person_35,52,Female,40,Female
Person_36,Person_7,26,Male,36,Male
Person_4,Person_28,37,Female,52,Female
Person_19,Person_2,54,Female,53,Female
Person_8,Person_35,24,Male,40,Female
Person_43,Person_40,36,Male,48,Male
Person_21,Person_12,41,Female,32,Female
Person_43,Person_17,36,Male,29,Male
Person_34,Person_0,57,Male,36,Female
Person_29,Person_14,39,Female,38,Male
Person_17,Person_38,29,Male,46,Male
Person_21,Person_17,41,Female,29,Male
Person_24,Person_10,43,Female,39,Male
Person_44,Person_47,40,Male,58,Female
Person_39,Person_35,53,Male,40,Female
Person_24,Person_4,43,Female,37,Female
Person_2,Person_21,53,Female,41,Female
Person_34,Person_22,57,Male,40,Male
Person_24,Person_10,43,Female,39,Male
Person_1,Person_41,52,Female,34,Female
Person_24,Person_10,43,Female,39,Male
Person_3,Person_47,31,Female,58,Female
Person_19,Person_2,54,Female,53,Female
Person_47,Person_9,58,Female,23,Female
Person_39,Person_35,53,Male,40,Female
Person_9,Person_28,23,Female,52,Female
Person_19,Person_2,54,Female,53,Female
Person_32,Person_19,24,Female,54,Female
Person_28,Person_35,52,Female,40,Female
Person_45,Person_16,21,Male,21,Female
Person_34,Person_33,57,Male,27,Male
Person_17,Person_21,29,Male,41,Female
Person_11,Person_0,52,Male,36,Female
Person_2,Person_5,53,Female,47,Male
Person_4,Person_26,37,Female,20,Male
